"soundscape_path","soundscape_file","soundscape_duration","soundscape_sample_rate","soundscape_bitrate","soundscape_layout","template_path","template_file","template_name","template_label","template_start","template_end","template_sample_rate","template_min_freq","template_max_freq","template_wl","template_ovlp"
"./010_soundscapes//W54393S25597_20201104_170000.wav","W54393S25597_20201104_170000.wav",59.9945416666667,24000,16,"mono","./040_roi_cuts//Bcu_1_004.236-004.742s_03.151-09.201kHz_1024wl_70ovlp_Basileuterus culicivorus.wav","Bcu_1_004.236-004.742s_03.151-09.201kHz_1024wl_70ovlp_Basileuterus culicivorus.wav","Bcu_1_004.236-004.742s_03.151-09.201kHz_1024wl_70ovlp_Basileuterus culicivorus.wav","Basileuterus culicivorus",0,0.505375,24000,3.151,9.201,1024,70
"./010_soundscapes//W54393S25597_20201104_170000.wav","W54393S25597_20201104_170000.wav",59.9945416666667,24000,16,"mono","./040_roi_cuts//Bcu_1_015.692-016.188s_03.151-09.232kHz_1024wl_70ovlp_Basileuterus culicivorus.wav","Bcu_1_015.692-016.188s_03.151-09.232kHz_1024wl_70ovlp_Basileuterus culicivorus.wav","Bcu_1_015.692-016.188s_03.151-09.232kHz_1024wl_70ovlp_Basileuterus culicivorus.wav","Basileuterus culicivorus",0,0.496333333333333,24000,3.151,9.232,1024,70
"./010_soundscapes//W54393S25597_20201104_170000.wav","W54393S25597_20201104_170000.wav",59.9945416666667,24000,16,"mono","./040_roi_cuts//Bcu_1_027.507-028.017s_03.057-09.232kHz_1024wl_70ovlp_Basileuterus culicivorus.wav","Bcu_1_027.507-028.017s_03.057-09.232kHz_1024wl_70ovlp_Basileuterus culicivorus.wav","Bcu_1_027.507-028.017s_03.057-09.232kHz_1024wl_70ovlp_Basileuterus culicivorus.wav","Basileuterus culicivorus",0,0.509875,24000,3.057,9.232,1024,70
"./010_soundscapes//W54393S25597_20201104_170000.wav","W54393S25597_20201104_170000.wav",59.9945416666667,24000,16,"mono","./040_roi_cuts//Bcu_2_004.444-004.808s_02.900-09.764kHz_1024wl_70ovlp_Basileuterus culicivorus.wav","Bcu_2_004.444-004.808s_02.900-09.764kHz_1024wl_70ovlp_Basileuterus culicivorus.wav","Bcu_2_004.444-004.808s_02.900-09.764kHz_1024wl_70ovlp_Basileuterus culicivorus.wav","Basileuterus culicivorus",0,0.36425,24000,2.9,9.764,1024,70
"./010_soundscapes//W54393S25597_20201104_170000.wav","W54393S25597_20201104_170000.wav",59.9945416666667,24000,16,"mono","./040_roi_cuts//Bcu_2_014.393-014.794s_02.975-09.554kHz_1024wl_70ovlp_Basileuterus culicivorus.wav","Bcu_2_014.393-014.794s_02.975-09.554kHz_1024wl_70ovlp_Basileuterus culicivorus.wav","Bcu_2_014.393-014.794s_02.975-09.554kHz_1024wl_70ovlp_Basileuterus culicivorus.wav","Basileuterus culicivorus",0,0.400958333333333,24000,2.975,9.554,1024,70
"./010_soundscapes//W54393S25597_20201104_170000.wav","W54393S25597_20201104_170000.wav",59.9945416666667,24000,16,"mono","./040_roi_cuts//Bcu_2_024.071-024.462s_02.878-09.636kHz_1024wl_70ovlp_Basileuterus culicivorus.wav","Bcu_2_024.071-024.462s_02.878-09.636kHz_1024wl_70ovlp_Basileuterus culicivorus.wav","Bcu_2_024.071-024.462s_02.878-09.636kHz_1024wl_70ovlp_Basileuterus culicivorus.wav","Basileuterus culicivorus",0,0.3905,24000,2.878,9.636,1024,70
"./010_soundscapes//W54431S25613_20191102_055000.wav","W54431S25613_20191102_055000.wav",59.9945416666667,24000,16,"mono","./040_roi_cuts//Bcu_1_004.236-004.742s_03.151-09.201kHz_1024wl_70ovlp_Basileuterus culicivorus.wav","Bcu_1_004.236-004.742s_03.151-09.201kHz_1024wl_70ovlp_Basileuterus culicivorus.wav","Bcu_1_004.236-004.742s_03.151-09.201kHz_1024wl_70ovlp_Basileuterus culicivorus.wav","Basileuterus culicivorus",0,0.505375,24000,3.151,9.201,1024,70
"./010_soundscapes//W54431S25613_20191102_055000.wav","W54431S25613_20191102_055000.wav",59.9945416666667,24000,16,"mono","./040_roi_cuts//Bcu_1_015.692-016.188s_03.151-09.232kHz_1024wl_70ovlp_Basileuterus culicivorus.wav","Bcu_1_015.692-016.188s_03.151-09.232kHz_1024wl_70ovlp_Basileuterus culicivorus.wav","Bcu_1_015.692-016.188s_03.151-09.232kHz_1024wl_70ovlp_Basileuterus culicivorus.wav","Basileuterus culicivorus",0,0.496333333333333,24000,3.151,9.232,1024,70
"./010_soundscapes//W54431S25613_20191102_055000.wav","W54431S25613_20191102_055000.wav",59.9945416666667,24000,16,"mono","./040_roi_cuts//Bcu_1_027.507-028.017s_03.057-09.232kHz_1024wl_70ovlp_Basileuterus culicivorus.wav","Bcu_1_027.507-028.017s_03.057-09.232kHz_1024wl_70ovlp_Basileuterus culicivorus.wav","Bcu_1_027.507-028.017s_03.057-09.232kHz_1024wl_70ovlp_Basileuterus culicivorus.wav","Basileuterus culicivorus",0,0.509875,24000,3.057,9.232,1024,70
"./010_soundscapes//W54431S25613_20191102_055000.wav","W54431S25613_20191102_055000.wav",59.9945416666667,24000,16,"mono","./040_roi_cuts//Bcu_2_004.444-004.808s_02.900-09.764kHz_1024wl_70ovlp_Basileuterus culicivorus.wav","Bcu_2_004.444-004.808s_02.900-09.764kHz_1024wl_70ovlp_Basileuterus culicivorus.wav","Bcu_2_004.444-004.808s_02.900-09.764kHz_1024wl_70ovlp_Basileuterus culicivorus.wav","Basileuterus culicivorus",0,0.36425,24000,2.9,9.764,1024,70
"./010_soundscapes//W54431S25613_20191102_055000.wav","W54431S25613_20191102_055000.wav",59.9945416666667,24000,16,"mono","./040_roi_cuts//Bcu_2_014.393-014.794s_02.975-09.554kHz_1024wl_70ovlp_Basileuterus culicivorus.wav","Bcu_2_014.393-014.794s_02.975-09.554kHz_1024wl_70ovlp_Basileuterus culicivorus.wav","Bcu_2_014.393-014.794s_02.975-09.554kHz_1024wl_70ovlp_Basileuterus culicivorus.wav","Basileuterus culicivorus",0,0.400958333333333,24000,2.975,9.554,1024,70
"./010_soundscapes//W54431S25613_20191102_055000.wav","W54431S25613_20191102_055000.wav",59.9945416666667,24000,16,"mono","./040_roi_cuts//Bcu_2_024.071-024.462s_02.878-09.636kHz_1024wl_70ovlp_Basileuterus culicivorus.wav","Bcu_2_024.071-024.462s_02.878-09.636kHz_1024wl_70ovlp_Basileuterus culicivorus.wav","Bcu_2_024.071-024.462s_02.878-09.636kHz_1024wl_70ovlp_Basileuterus culicivorus.wav","Basileuterus culicivorus",0,0.3905,24000,2.878,9.636,1024,70
"./010_soundscapes//W54431S25613_20191102_064000.wav","W54431S25613_20191102_064000.wav",59.9945416666667,24000,16,"mono","./040_roi_cuts//Bcu_1_004.236-004.742s_03.151-09.201kHz_1024wl_70ovlp_Basileuterus culicivorus.wav","Bcu_1_004.236-004.742s_03.151-09.201kHz_1024wl_70ovlp_Basileuterus culicivorus.wav","Bcu_1_004.236-004.742s_03.151-09.201kHz_1024wl_70ovlp_Basileuterus culicivorus.wav","Basileuterus culicivorus",0,0.505375,24000,3.151,9.201,1024,70
"./010_soundscapes//W54431S25613_20191102_064000.wav","W54431S25613_20191102_064000.wav",59.9945416666667,24000,16,"mono","./040_roi_cuts//Bcu_1_015.692-016.188s_03.151-09.232kHz_1024wl_70ovlp_Basileuterus culicivorus.wav","Bcu_1_015.692-016.188s_03.151-09.232kHz_1024wl_70ovlp_Basileuterus culicivorus.wav","Bcu_1_015.692-016.188s_03.151-09.232kHz_1024wl_70ovlp_Basileuterus culicivorus.wav","Basileuterus culicivorus",0,0.496333333333333,24000,3.151,9.232,1024,70
"./010_soundscapes//W54431S25613_20191102_064000.wav","W54431S25613_20191102_064000.wav",59.9945416666667,24000,16,"mono","./040_roi_cuts//Bcu_1_027.507-028.017s_03.057-09.232kHz_1024wl_70ovlp_Basileuterus culicivorus.wav","Bcu_1_027.507-028.017s_03.057-09.232kHz_1024wl_70ovlp_Basileuterus culicivorus.wav","Bcu_1_027.507-028.017s_03.057-09.232kHz_1024wl_70ovlp_Basileuterus culicivorus.wav","Basileuterus culicivorus",0,0.509875,24000,3.057,9.232,1024,70
"./010_soundscapes//W54431S25613_20191102_064000.wav","W54431S25613_20191102_064000.wav",59.9945416666667,24000,16,"mono","./040_roi_cuts//Bcu_2_004.444-004.808s_02.900-09.764kHz_1024wl_70ovlp_Basileuterus culicivorus.wav","Bcu_2_004.444-004.808s_02.900-09.764kHz_1024wl_70ovlp_Basileuterus culicivorus.wav","Bcu_2_004.444-004.808s_02.900-09.764kHz_1024wl_70ovlp_Basileuterus culicivorus.wav","Basileuterus culicivorus",0,0.36425,24000,2.9,9.764,1024,70
"./010_soundscapes//W54431S25613_20191102_064000.wav","W54431S25613_20191102_064000.wav",59.9945416666667,24000,16,"mono","./040_roi_cuts//Bcu_2_014.393-014.794s_02.975-09.554kHz_1024wl_70ovlp_Basileuterus culicivorus.wav","Bcu_2_014.393-014.794s_02.975-09.554kHz_1024wl_70ovlp_Basileuterus culicivorus.wav","Bcu_2_014.393-014.794s_02.975-09.554kHz_1024wl_70ovlp_Basileuterus culicivorus.wav","Basileuterus culicivorus",0,0.400958333333333,24000,2.975,9.554,1024,70
"./010_soundscapes//W54431S25613_20191102_064000.wav","W54431S25613_20191102_064000.wav",59.9945416666667,24000,16,"mono","./040_roi_cuts//Bcu_2_024.071-024.462s_02.878-09.636kHz_1024wl_70ovlp_Basileuterus culicivorus.wav","Bcu_2_024.071-024.462s_02.878-09.636kHz_1024wl_70ovlp_Basileuterus culicivorus.wav","Bcu_2_024.071-024.462s_02.878-09.636kHz_1024wl_70ovlp_Basileuterus culicivorus.wav","Basileuterus culicivorus",0,0.3905,24000,2.878,9.636,1024,70
"./010_soundscapes//W54431S25613_20191104_154000.wav","W54431S25613_20191104_154000.wav",59.9945416666667,24000,16,"mono","./040_roi_cuts//Bcu_1_004.236-004.742s_03.151-09.201kHz_1024wl_70ovlp_Basileuterus culicivorus.wav","Bcu_1_004.236-004.742s_03.151-09.201kHz_1024wl_70ovlp_Basileuterus culicivorus.wav","Bcu_1_004.236-004.742s_03.151-09.201kHz_1024wl_70ovlp_Basileuterus culicivorus.wav","Basileuterus culicivorus",0,0.505375,24000,3.151,9.201,1024,70
"./010_soundscapes//W54431S25613_20191104_154000.wav","W54431S25613_20191104_154000.wav",59.9945416666667,24000,16,"mono","./040_roi_cuts//Bcu_1_015.692-016.188s_03.151-09.232kHz_1024wl_70ovlp_Basileuterus culicivorus.wav","Bcu_1_015.692-016.188s_03.151-09.232kHz_1024wl_70ovlp_Basileuterus culicivorus.wav","Bcu_1_015.692-016.188s_03.151-09.232kHz_1024wl_70ovlp_Basileuterus culicivorus.wav","Basileuterus culicivorus",0,0.496333333333333,24000,3.151,9.232,1024,70
"./010_soundscapes//W54431S25613_20191104_154000.wav","W54431S25613_20191104_154000.wav",59.9945416666667,24000,16,"mono","./040_roi_cuts//Bcu_1_027.507-028.017s_03.057-09.232kHz_1024wl_70ovlp_Basileuterus culicivorus.wav","Bcu_1_027.507-028.017s_03.057-09.232kHz_1024wl_70ovlp_Basileuterus culicivorus.wav","Bcu_1_027.507-028.017s_03.057-09.232kHz_1024wl_70ovlp_Basileuterus culicivorus.wav","Basileuterus culicivorus",0,0.509875,24000,3.057,9.232,1024,70
"./010_soundscapes//W54431S25613_20191104_154000.wav","W54431S25613_20191104_154000.wav",59.9945416666667,24000,16,"mono","./040_roi_cuts//Bcu_2_004.444-004.808s_02.900-09.764kHz_1024wl_70ovlp_Basileuterus culicivorus.wav","Bcu_2_004.444-004.808s_02.900-09.764kHz_1024wl_70ovlp_Basileuterus culicivorus.wav","Bcu_2_004.444-004.808s_02.900-09.764kHz_1024wl_70ovlp_Basileuterus culicivorus.wav","Basileuterus culicivorus",0,0.36425,24000,2.9,9.764,1024,70
"./010_soundscapes//W54431S25613_20191104_154000.wav","W54431S25613_20191104_154000.wav",59.9945416666667,24000,16,"mono","./040_roi_cuts//Bcu_2_014.393-014.794s_02.975-09.554kHz_1024wl_70ovlp_Basileuterus culicivorus.wav","Bcu_2_014.393-014.794s_02.975-09.554kHz_1024wl_70ovlp_Basileuterus culicivorus.wav","Bcu_2_014.393-014.794s_02.975-09.554kHz_1024wl_70ovlp_Basileuterus culicivorus.wav","Basileuterus culicivorus",0,0.400958333333333,24000,2.975,9.554,1024,70
"./010_soundscapes//W54431S25613_20191104_154000.wav","W54431S25613_20191104_154000.wav",59.9945416666667,24000,16,"mono","./040_roi_cuts//Bcu_2_024.071-024.462s_02.878-09.636kHz_1024wl_70ovlp_Basileuterus culicivorus.wav","Bcu_2_024.071-024.462s_02.878-09.636kHz_1024wl_70ovlp_Basileuterus culicivorus.wav","Bcu_2_024.071-024.462s_02.878-09.636kHz_1024wl_70ovlp_Basileuterus culicivorus.wav","Basileuterus culicivorus",0,0.3905,24000,2.878,9.636,1024,70
"./010_soundscapes//W54431S25613_20191105_060000.wav","W54431S25613_20191105_060000.wav",59.9945416666667,24000,16,"mono","./040_roi_cuts//Bcu_1_004.236-004.742s_03.151-09.201kHz_1024wl_70ovlp_Basileuterus culicivorus.wav","Bcu_1_004.236-004.742s_03.151-09.201kHz_1024wl_70ovlp_Basileuterus culicivorus.wav","Bcu_1_004.236-004.742s_03.151-09.201kHz_1024wl_70ovlp_Basileuterus culicivorus.wav","Basileuterus culicivorus",0,0.505375,24000,3.151,9.201,1024,70
"./010_soundscapes//W54431S25613_20191105_060000.wav","W54431S25613_20191105_060000.wav",59.9945416666667,24000,16,"mono","./040_roi_cuts//Bcu_1_015.692-016.188s_03.151-09.232kHz_1024wl_70ovlp_Basileuterus culicivorus.wav","Bcu_1_015.692-016.188s_03.151-09.232kHz_1024wl_70ovlp_Basileuterus culicivorus.wav","Bcu_1_015.692-016.188s_03.151-09.232kHz_1024wl_70ovlp_Basileuterus culicivorus.wav","Basileuterus culicivorus",0,0.496333333333333,24000,3.151,9.232,1024,70
"./010_soundscapes//W54431S25613_20191105_060000.wav","W54431S25613_20191105_060000.wav",59.9945416666667,24000,16,"mono","./040_roi_cuts//Bcu_1_027.507-028.017s_03.057-09.232kHz_1024wl_70ovlp_Basileuterus culicivorus.wav","Bcu_1_027.507-028.017s_03.057-09.232kHz_1024wl_70ovlp_Basileuterus culicivorus.wav","Bcu_1_027.507-028.017s_03.057-09.232kHz_1024wl_70ovlp_Basileuterus culicivorus.wav","Basileuterus culicivorus",0,0.509875,24000,3.057,9.232,1024,70
"./010_soundscapes//W54431S25613_20191105_060000.wav","W54431S25613_20191105_060000.wav",59.9945416666667,24000,16,"mono","./040_roi_cuts//Bcu_2_004.444-004.808s_02.900-09.764kHz_1024wl_70ovlp_Basileuterus culicivorus.wav","Bcu_2_004.444-004.808s_02.900-09.764kHz_1024wl_70ovlp_Basileuterus culicivorus.wav","Bcu_2_004.444-004.808s_02.900-09.764kHz_1024wl_70ovlp_Basileuterus culicivorus.wav","Basileuterus culicivorus",0,0.36425,24000,2.9,9.764,1024,70
"./010_soundscapes//W54431S25613_20191105_060000.wav","W54431S25613_20191105_060000.wav",59.9945416666667,24000,16,"mono","./040_roi_cuts//Bcu_2_014.393-014.794s_02.975-09.554kHz_1024wl_70ovlp_Basileuterus culicivorus.wav","Bcu_2_014.393-014.794s_02.975-09.554kHz_1024wl_70ovlp_Basileuterus culicivorus.wav","Bcu_2_014.393-014.794s_02.975-09.554kHz_1024wl_70ovlp_Basileuterus culicivorus.wav","Basileuterus culicivorus",0,0.400958333333333,24000,2.975,9.554,1024,70
"./010_soundscapes//W54431S25613_20191105_060000.wav","W54431S25613_20191105_060000.wav",59.9945416666667,24000,16,"mono","./040_roi_cuts//Bcu_2_024.071-024.462s_02.878-09.636kHz_1024wl_70ovlp_Basileuterus culicivorus.wav","Bcu_2_024.071-024.462s_02.878-09.636kHz_1024wl_70ovlp_Basileuterus culicivorus.wav","Bcu_2_024.071-024.462s_02.878-09.636kHz_1024wl_70ovlp_Basileuterus culicivorus.wav","Basileuterus culicivorus",0,0.3905,24000,2.878,9.636,1024,70
"./010_soundscapes//W54443S25620_20191105_054000.wav","W54443S25620_20191105_054000.wav",59.9945416666667,24000,16,"mono","./040_roi_cuts//Bcu_1_004.236-004.742s_03.151-09.201kHz_1024wl_70ovlp_Basileuterus culicivorus.wav","Bcu_1_004.236-004.742s_03.151-09.201kHz_1024wl_70ovlp_Basileuterus culicivorus.wav","Bcu_1_004.236-004.742s_03.151-09.201kHz_1024wl_70ovlp_Basileuterus culicivorus.wav","Basileuterus culicivorus",0,0.505375,24000,3.151,9.201,1024,70
"./010_soundscapes//W54443S25620_20191105_054000.wav","W54443S25620_20191105_054000.wav",59.9945416666667,24000,16,"mono","./040_roi_cuts//Bcu_1_015.692-016.188s_03.151-09.232kHz_1024wl_70ovlp_Basileuterus culicivorus.wav","Bcu_1_015.692-016.188s_03.151-09.232kHz_1024wl_70ovlp_Basileuterus culicivorus.wav","Bcu_1_015.692-016.188s_03.151-09.232kHz_1024wl_70ovlp_Basileuterus culicivorus.wav","Basileuterus culicivorus",0,0.496333333333333,24000,3.151,9.232,1024,70
"./010_soundscapes//W54443S25620_20191105_054000.wav","W54443S25620_20191105_054000.wav",59.9945416666667,24000,16,"mono","./040_roi_cuts//Bcu_1_027.507-028.017s_03.057-09.232kHz_1024wl_70ovlp_Basileuterus culicivorus.wav","Bcu_1_027.507-028.017s_03.057-09.232kHz_1024wl_70ovlp_Basileuterus culicivorus.wav","Bcu_1_027.507-028.017s_03.057-09.232kHz_1024wl_70ovlp_Basileuterus culicivorus.wav","Basileuterus culicivorus",0,0.509875,24000,3.057,9.232,1024,70
"./010_soundscapes//W54443S25620_20191105_054000.wav","W54443S25620_20191105_054000.wav",59.9945416666667,24000,16,"mono","./040_roi_cuts//Bcu_2_004.444-004.808s_02.900-09.764kHz_1024wl_70ovlp_Basileuterus culicivorus.wav","Bcu_2_004.444-004.808s_02.900-09.764kHz_1024wl_70ovlp_Basileuterus culicivorus.wav","Bcu_2_004.444-004.808s_02.900-09.764kHz_1024wl_70ovlp_Basileuterus culicivorus.wav","Basileuterus culicivorus",0,0.36425,24000,2.9,9.764,1024,70
"./010_soundscapes//W54443S25620_20191105_054000.wav","W54443S25620_20191105_054000.wav",59.9945416666667,24000,16,"mono","./040_roi_cuts//Bcu_2_014.393-014.794s_02.975-09.554kHz_1024wl_70ovlp_Basileuterus culicivorus.wav","Bcu_2_014.393-014.794s_02.975-09.554kHz_1024wl_70ovlp_Basileuterus culicivorus.wav","Bcu_2_014.393-014.794s_02.975-09.554kHz_1024wl_70ovlp_Basileuterus culicivorus.wav","Basileuterus culicivorus",0,0.400958333333333,24000,2.975,9.554,1024,70
"./010_soundscapes//W54443S25620_20191105_054000.wav","W54443S25620_20191105_054000.wav",59.9945416666667,24000,16,"mono","./040_roi_cuts//Bcu_2_024.071-024.462s_02.878-09.636kHz_1024wl_70ovlp_Basileuterus culicivorus.wav","Bcu_2_024.071-024.462s_02.878-09.636kHz_1024wl_70ovlp_Basileuterus culicivorus.wav","Bcu_2_024.071-024.462s_02.878-09.636kHz_1024wl_70ovlp_Basileuterus culicivorus.wav","Basileuterus culicivorus",0,0.3905,24000,2.878,9.636,1024,70
"./010_soundscapes//W54448S25622_20191101_073000.wav","W54448S25622_20191101_073000.wav",59.9945416666667,24000,16,"mono","./040_roi_cuts//Bcu_1_004.236-004.742s_03.151-09.201kHz_1024wl_70ovlp_Basileuterus culicivorus.wav","Bcu_1_004.236-004.742s_03.151-09.201kHz_1024wl_70ovlp_Basileuterus culicivorus.wav","Bcu_1_004.236-004.742s_03.151-09.201kHz_1024wl_70ovlp_Basileuterus culicivorus.wav","Basileuterus culicivorus",0,0.505375,24000,3.151,9.201,1024,70
"./010_soundscapes//W54448S25622_20191101_073000.wav","W54448S25622_20191101_073000.wav",59.9945416666667,24000,16,"mono","./040_roi_cuts//Bcu_1_015.692-016.188s_03.151-09.232kHz_1024wl_70ovlp_Basileuterus culicivorus.wav","Bcu_1_015.692-016.188s_03.151-09.232kHz_1024wl_70ovlp_Basileuterus culicivorus.wav","Bcu_1_015.692-016.188s_03.151-09.232kHz_1024wl_70ovlp_Basileuterus culicivorus.wav","Basileuterus culicivorus",0,0.496333333333333,24000,3.151,9.232,1024,70
"./010_soundscapes//W54448S25622_20191101_073000.wav","W54448S25622_20191101_073000.wav",59.9945416666667,24000,16,"mono","./040_roi_cuts//Bcu_1_027.507-028.017s_03.057-09.232kHz_1024wl_70ovlp_Basileuterus culicivorus.wav","Bcu_1_027.507-028.017s_03.057-09.232kHz_1024wl_70ovlp_Basileuterus culicivorus.wav","Bcu_1_027.507-028.017s_03.057-09.232kHz_1024wl_70ovlp_Basileuterus culicivorus.wav","Basileuterus culicivorus",0,0.509875,24000,3.057,9.232,1024,70
"./010_soundscapes//W54448S25622_20191101_073000.wav","W54448S25622_20191101_073000.wav",59.9945416666667,24000,16,"mono","./040_roi_cuts//Bcu_2_004.444-004.808s_02.900-09.764kHz_1024wl_70ovlp_Basileuterus culicivorus.wav","Bcu_2_004.444-004.808s_02.900-09.764kHz_1024wl_70ovlp_Basileuterus culicivorus.wav","Bcu_2_004.444-004.808s_02.900-09.764kHz_1024wl_70ovlp_Basileuterus culicivorus.wav","Basileuterus culicivorus",0,0.36425,24000,2.9,9.764,1024,70
"./010_soundscapes//W54448S25622_20191101_073000.wav","W54448S25622_20191101_073000.wav",59.9945416666667,24000,16,"mono","./040_roi_cuts//Bcu_2_014.393-014.794s_02.975-09.554kHz_1024wl_70ovlp_Basileuterus culicivorus.wav","Bcu_2_014.393-014.794s_02.975-09.554kHz_1024wl_70ovlp_Basileuterus culicivorus.wav","Bcu_2_014.393-014.794s_02.975-09.554kHz_1024wl_70ovlp_Basileuterus culicivorus.wav","Basileuterus culicivorus",0,0.400958333333333,24000,2.975,9.554,1024,70
"./010_soundscapes//W54448S25622_20191101_073000.wav","W54448S25622_20191101_073000.wav",59.9945416666667,24000,16,"mono","./040_roi_cuts//Bcu_2_024.071-024.462s_02.878-09.636kHz_1024wl_70ovlp_Basileuterus culicivorus.wav","Bcu_2_024.071-024.462s_02.878-09.636kHz_1024wl_70ovlp_Basileuterus culicivorus.wav","Bcu_2_024.071-024.462s_02.878-09.636kHz_1024wl_70ovlp_Basileuterus culicivorus.wav","Basileuterus culicivorus",0,0.3905,24000,2.878,9.636,1024,70
"./010_soundscapes//W54448S25622_20191101_125000.wav","W54448S25622_20191101_125000.wav",59.9945416666667,24000,16,"mono","./040_roi_cuts//Bcu_1_004.236-004.742s_03.151-09.201kHz_1024wl_70ovlp_Basileuterus culicivorus.wav","Bcu_1_004.236-004.742s_03.151-09.201kHz_1024wl_70ovlp_Basileuterus culicivorus.wav","Bcu_1_004.236-004.742s_03.151-09.201kHz_1024wl_70ovlp_Basileuterus culicivorus.wav","Basileuterus culicivorus",0,0.505375,24000,3.151,9.201,1024,70
"./010_soundscapes//W54448S25622_20191101_125000.wav","W54448S25622_20191101_125000.wav",59.9945416666667,24000,16,"mono","./040_roi_cuts//Bcu_1_015.692-016.188s_03.151-09.232kHz_1024wl_70ovlp_Basileuterus culicivorus.wav","Bcu_1_015.692-016.188s_03.151-09.232kHz_1024wl_70ovlp_Basileuterus culicivorus.wav","Bcu_1_015.692-016.188s_03.151-09.232kHz_1024wl_70ovlp_Basileuterus culicivorus.wav","Basileuterus culicivorus",0,0.496333333333333,24000,3.151,9.232,1024,70
"./010_soundscapes//W54448S25622_20191101_125000.wav","W54448S25622_20191101_125000.wav",59.9945416666667,24000,16,"mono","./040_roi_cuts//Bcu_1_027.507-028.017s_03.057-09.232kHz_1024wl_70ovlp_Basileuterus culicivorus.wav","Bcu_1_027.507-028.017s_03.057-09.232kHz_1024wl_70ovlp_Basileuterus culicivorus.wav","Bcu_1_027.507-028.017s_03.057-09.232kHz_1024wl_70ovlp_Basileuterus culicivorus.wav","Basileuterus culicivorus",0,0.509875,24000,3.057,9.232,1024,70
"./010_soundscapes//W54448S25622_20191101_125000.wav","W54448S25622_20191101_125000.wav",59.9945416666667,24000,16,"mono","./040_roi_cuts//Bcu_2_004.444-004.808s_02.900-09.764kHz_1024wl_70ovlp_Basileuterus culicivorus.wav","Bcu_2_004.444-004.808s_02.900-09.764kHz_1024wl_70ovlp_Basileuterus culicivorus.wav","Bcu_2_004.444-004.808s_02.900-09.764kHz_1024wl_70ovlp_Basileuterus culicivorus.wav","Basileuterus culicivorus",0,0.36425,24000,2.9,9.764,1024,70
"./010_soundscapes//W54448S25622_20191101_125000.wav","W54448S25622_20191101_125000.wav",59.9945416666667,24000,16,"mono","./040_roi_cuts//Bcu_2_014.393-014.794s_02.975-09.554kHz_1024wl_70ovlp_Basileuterus culicivorus.wav","Bcu_2_014.393-014.794s_02.975-09.554kHz_1024wl_70ovlp_Basileuterus culicivorus.wav","Bcu_2_014.393-014.794s_02.975-09.554kHz_1024wl_70ovlp_Basileuterus culicivorus.wav","Basileuterus culicivorus",0,0.400958333333333,24000,2.975,9.554,1024,70
"./010_soundscapes//W54448S25622_20191101_125000.wav","W54448S25622_20191101_125000.wav",59.9945416666667,24000,16,"mono","./040_roi_cuts//Bcu_2_024.071-024.462s_02.878-09.636kHz_1024wl_70ovlp_Basileuterus culicivorus.wav","Bcu_2_024.071-024.462s_02.878-09.636kHz_1024wl_70ovlp_Basileuterus culicivorus.wav","Bcu_2_024.071-024.462s_02.878-09.636kHz_1024wl_70ovlp_Basileuterus culicivorus.wav","Basileuterus culicivorus",0,0.3905,24000,2.878,9.636,1024,70
"./010_soundscapes//W54448S25622_20191102_070000.wav","W54448S25622_20191102_070000.wav",59.9945416666667,24000,16,"mono","./040_roi_cuts//Bcu_1_004.236-004.742s_03.151-09.201kHz_1024wl_70ovlp_Basileuterus culicivorus.wav","Bcu_1_004.236-004.742s_03.151-09.201kHz_1024wl_70ovlp_Basileuterus culicivorus.wav","Bcu_1_004.236-004.742s_03.151-09.201kHz_1024wl_70ovlp_Basileuterus culicivorus.wav","Basileuterus culicivorus",0,0.505375,24000,3.151,9.201,1024,70
"./010_soundscapes//W54448S25622_20191102_070000.wav","W54448S25622_20191102_070000.wav",59.9945416666667,24000,16,"mono","./040_roi_cuts//Bcu_1_015.692-016.188s_03.151-09.232kHz_1024wl_70ovlp_Basileuterus culicivorus.wav","Bcu_1_015.692-016.188s_03.151-09.232kHz_1024wl_70ovlp_Basileuterus culicivorus.wav","Bcu_1_015.692-016.188s_03.151-09.232kHz_1024wl_70ovlp_Basileuterus culicivorus.wav","Basileuterus culicivorus",0,0.496333333333333,24000,3.151,9.232,1024,70
"./010_soundscapes//W54448S25622_20191102_070000.wav","W54448S25622_20191102_070000.wav",59.9945416666667,24000,16,"mono","./040_roi_cuts//Bcu_1_027.507-028.017s_03.057-09.232kHz_1024wl_70ovlp_Basileuterus culicivorus.wav","Bcu_1_027.507-028.017s_03.057-09.232kHz_1024wl_70ovlp_Basileuterus culicivorus.wav","Bcu_1_027.507-028.017s_03.057-09.232kHz_1024wl_70ovlp_Basileuterus culicivorus.wav","Basileuterus culicivorus",0,0.509875,24000,3.057,9.232,1024,70
"./010_soundscapes//W54448S25622_20191102_070000.wav","W54448S25622_20191102_070000.wav",59.9945416666667,24000,16,"mono","./040_roi_cuts//Bcu_2_004.444-004.808s_02.900-09.764kHz_1024wl_70ovlp_Basileuterus culicivorus.wav","Bcu_2_004.444-004.808s_02.900-09.764kHz_1024wl_70ovlp_Basileuterus culicivorus.wav","Bcu_2_004.444-004.808s_02.900-09.764kHz_1024wl_70ovlp_Basileuterus culicivorus.wav","Basileuterus culicivorus",0,0.36425,24000,2.9,9.764,1024,70
"./010_soundscapes//W54448S25622_20191102_070000.wav","W54448S25622_20191102_070000.wav",59.9945416666667,24000,16,"mono","./040_roi_cuts//Bcu_2_014.393-014.794s_02.975-09.554kHz_1024wl_70ovlp_Basileuterus culicivorus.wav","Bcu_2_014.393-014.794s_02.975-09.554kHz_1024wl_70ovlp_Basileuterus culicivorus.wav","Bcu_2_014.393-014.794s_02.975-09.554kHz_1024wl_70ovlp_Basileuterus culicivorus.wav","Basileuterus culicivorus",0,0.400958333333333,24000,2.975,9.554,1024,70
"./010_soundscapes//W54448S25622_20191102_070000.wav","W54448S25622_20191102_070000.wav",59.9945416666667,24000,16,"mono","./040_roi_cuts//Bcu_2_024.071-024.462s_02.878-09.636kHz_1024wl_70ovlp_Basileuterus culicivorus.wav","Bcu_2_024.071-024.462s_02.878-09.636kHz_1024wl_70ovlp_Basileuterus culicivorus.wav","Bcu_2_024.071-024.462s_02.878-09.636kHz_1024wl_70ovlp_Basileuterus culicivorus.wav","Basileuterus culicivorus",0,0.3905,24000,2.878,9.636,1024,70
"./010_soundscapes//W54448S25622_20191103_055000.wav","W54448S25622_20191103_055000.wav",59.9945416666667,24000,16,"mono","./040_roi_cuts//Bcu_1_004.236-004.742s_03.151-09.201kHz_1024wl_70ovlp_Basileuterus culicivorus.wav","Bcu_1_004.236-004.742s_03.151-09.201kHz_1024wl_70ovlp_Basileuterus culicivorus.wav","Bcu_1_004.236-004.742s_03.151-09.201kHz_1024wl_70ovlp_Basileuterus culicivorus.wav","Basileuterus culicivorus",0,0.505375,24000,3.151,9.201,1024,70
"./010_soundscapes//W54448S25622_20191103_055000.wav","W54448S25622_20191103_055000.wav",59.9945416666667,24000,16,"mono","./040_roi_cuts//Bcu_1_015.692-016.188s_03.151-09.232kHz_1024wl_70ovlp_Basileuterus culicivorus.wav","Bcu_1_015.692-016.188s_03.151-09.232kHz_1024wl_70ovlp_Basileuterus culicivorus.wav","Bcu_1_015.692-016.188s_03.151-09.232kHz_1024wl_70ovlp_Basileuterus culicivorus.wav","Basileuterus culicivorus",0,0.496333333333333,24000,3.151,9.232,1024,70
"./010_soundscapes//W54448S25622_20191103_055000.wav","W54448S25622_20191103_055000.wav",59.9945416666667,24000,16,"mono","./040_roi_cuts//Bcu_1_027.507-028.017s_03.057-09.232kHz_1024wl_70ovlp_Basileuterus culicivorus.wav","Bcu_1_027.507-028.017s_03.057-09.232kHz_1024wl_70ovlp_Basileuterus culicivorus.wav","Bcu_1_027.507-028.017s_03.057-09.232kHz_1024wl_70ovlp_Basileuterus culicivorus.wav","Basileuterus culicivorus",0,0.509875,24000,3.057,9.232,1024,70
"./010_soundscapes//W54448S25622_20191103_055000.wav","W54448S25622_20191103_055000.wav",59.9945416666667,24000,16,"mono","./040_roi_cuts//Bcu_2_004.444-004.808s_02.900-09.764kHz_1024wl_70ovlp_Basileuterus culicivorus.wav","Bcu_2_004.444-004.808s_02.900-09.764kHz_1024wl_70ovlp_Basileuterus culicivorus.wav","Bcu_2_004.444-004.808s_02.900-09.764kHz_1024wl_70ovlp_Basileuterus culicivorus.wav","Basileuterus culicivorus",0,0.36425,24000,2.9,9.764,1024,70
"./010_soundscapes//W54448S25622_20191103_055000.wav","W54448S25622_20191103_055000.wav",59.9945416666667,24000,16,"mono","./040_roi_cuts//Bcu_2_014.393-014.794s_02.975-09.554kHz_1024wl_70ovlp_Basileuterus culicivorus.wav","Bcu_2_014.393-014.794s_02.975-09.554kHz_1024wl_70ovlp_Basileuterus culicivorus.wav","Bcu_2_014.393-014.794s_02.975-09.554kHz_1024wl_70ovlp_Basileuterus culicivorus.wav","Basileuterus culicivorus",0,0.400958333333333,24000,2.975,9.554,1024,70
"./010_soundscapes//W54448S25622_20191103_055000.wav","W54448S25622_20191103_055000.wav",59.9945416666667,24000,16,"mono","./040_roi_cuts//Bcu_2_024.071-024.462s_02.878-09.636kHz_1024wl_70ovlp_Basileuterus culicivorus.wav","Bcu_2_024.071-024.462s_02.878-09.636kHz_1024wl_70ovlp_Basileuterus culicivorus.wav","Bcu_2_024.071-024.462s_02.878-09.636kHz_1024wl_70ovlp_Basileuterus culicivorus.wav","Basileuterus culicivorus",0,0.3905,24000,2.878,9.636,1024,70
"./010_soundscapes//W54448S25622_20191104_171000.wav","W54448S25622_20191104_171000.wav",59.9945416666667,24000,16,"mono","./040_roi_cuts//Bcu_1_004.236-004.742s_03.151-09.201kHz_1024wl_70ovlp_Basileuterus culicivorus.wav","Bcu_1_004.236-004.742s_03.151-09.201kHz_1024wl_70ovlp_Basileuterus culicivorus.wav","Bcu_1_004.236-004.742s_03.151-09.201kHz_1024wl_70ovlp_Basileuterus culicivorus.wav","Basileuterus culicivorus",0,0.505375,24000,3.151,9.201,1024,70
"./010_soundscapes//W54448S25622_20191104_171000.wav","W54448S25622_20191104_171000.wav",59.9945416666667,24000,16,"mono","./040_roi_cuts//Bcu_1_015.692-016.188s_03.151-09.232kHz_1024wl_70ovlp_Basileuterus culicivorus.wav","Bcu_1_015.692-016.188s_03.151-09.232kHz_1024wl_70ovlp_Basileuterus culicivorus.wav","Bcu_1_015.692-016.188s_03.151-09.232kHz_1024wl_70ovlp_Basileuterus culicivorus.wav","Basileuterus culicivorus",0,0.496333333333333,24000,3.151,9.232,1024,70
"./010_soundscapes//W54448S25622_20191104_171000.wav","W54448S25622_20191104_171000.wav",59.9945416666667,24000,16,"mono","./040_roi_cuts//Bcu_1_027.507-028.017s_03.057-09.232kHz_1024wl_70ovlp_Basileuterus culicivorus.wav","Bcu_1_027.507-028.017s_03.057-09.232kHz_1024wl_70ovlp_Basileuterus culicivorus.wav","Bcu_1_027.507-028.017s_03.057-09.232kHz_1024wl_70ovlp_Basileuterus culicivorus.wav","Basileuterus culicivorus",0,0.509875,24000,3.057,9.232,1024,70
"./010_soundscapes//W54448S25622_20191104_171000.wav","W54448S25622_20191104_171000.wav",59.9945416666667,24000,16,"mono","./040_roi_cuts//Bcu_2_004.444-004.808s_02.900-09.764kHz_1024wl_70ovlp_Basileuterus culicivorus.wav","Bcu_2_004.444-004.808s_02.900-09.764kHz_1024wl_70ovlp_Basileuterus culicivorus.wav","Bcu_2_004.444-004.808s_02.900-09.764kHz_1024wl_70ovlp_Basileuterus culicivorus.wav","Basileuterus culicivorus",0,0.36425,24000,2.9,9.764,1024,70
"./010_soundscapes//W54448S25622_20191104_171000.wav","W54448S25622_20191104_171000.wav",59.9945416666667,24000,16,"mono","./040_roi_cuts//Bcu_2_014.393-014.794s_02.975-09.554kHz_1024wl_70ovlp_Basileuterus culicivorus.wav","Bcu_2_014.393-014.794s_02.975-09.554kHz_1024wl_70ovlp_Basileuterus culicivorus.wav","Bcu_2_014.393-014.794s_02.975-09.554kHz_1024wl_70ovlp_Basileuterus culicivorus.wav","Basileuterus culicivorus",0,0.400958333333333,24000,2.975,9.554,1024,70
"./010_soundscapes//W54448S25622_20191104_171000.wav","W54448S25622_20191104_171000.wav",59.9945416666667,24000,16,"mono","./040_roi_cuts//Bcu_2_024.071-024.462s_02.878-09.636kHz_1024wl_70ovlp_Basileuterus culicivorus.wav","Bcu_2_024.071-024.462s_02.878-09.636kHz_1024wl_70ovlp_Basileuterus culicivorus.wav","Bcu_2_024.071-024.462s_02.878-09.636kHz_1024wl_70ovlp_Basileuterus culicivorus.wav","Basileuterus culicivorus",0,0.3905,24000,2.878,9.636,1024,70
"./010_soundscapes//W54448S25623_20191102_064000.wav","W54448S25623_20191102_064000.wav",59.9945416666667,24000,16,"mono","./040_roi_cuts//Bcu_1_004.236-004.742s_03.151-09.201kHz_1024wl_70ovlp_Basileuterus culicivorus.wav","Bcu_1_004.236-004.742s_03.151-09.201kHz_1024wl_70ovlp_Basileuterus culicivorus.wav","Bcu_1_004.236-004.742s_03.151-09.201kHz_1024wl_70ovlp_Basileuterus culicivorus.wav","Basileuterus culicivorus",0,0.505375,24000,3.151,9.201,1024,70
"./010_soundscapes//W54448S25623_20191102_064000.wav","W54448S25623_20191102_064000.wav",59.9945416666667,24000,16,"mono","./040_roi_cuts//Bcu_1_015.692-016.188s_03.151-09.232kHz_1024wl_70ovlp_Basileuterus culicivorus.wav","Bcu_1_015.692-016.188s_03.151-09.232kHz_1024wl_70ovlp_Basileuterus culicivorus.wav","Bcu_1_015.692-016.188s_03.151-09.232kHz_1024wl_70ovlp_Basileuterus culicivorus.wav","Basileuterus culicivorus",0,0.496333333333333,24000,3.151,9.232,1024,70
"./010_soundscapes//W54448S25623_20191102_064000.wav","W54448S25623_20191102_064000.wav",59.9945416666667,24000,16,"mono","./040_roi_cuts//Bcu_1_027.507-028.017s_03.057-09.232kHz_1024wl_70ovlp_Basileuterus culicivorus.wav","Bcu_1_027.507-028.017s_03.057-09.232kHz_1024wl_70ovlp_Basileuterus culicivorus.wav","Bcu_1_027.507-028.017s_03.057-09.232kHz_1024wl_70ovlp_Basileuterus culicivorus.wav","Basileuterus culicivorus",0,0.509875,24000,3.057,9.232,1024,70
"./010_soundscapes//W54448S25623_20191102_064000.wav","W54448S25623_20191102_064000.wav",59.9945416666667,24000,16,"mono","./040_roi_cuts//Bcu_2_004.444-004.808s_02.900-09.764kHz_1024wl_70ovlp_Basileuterus culicivorus.wav","Bcu_2_004.444-004.808s_02.900-09.764kHz_1024wl_70ovlp_Basileuterus culicivorus.wav","Bcu_2_004.444-004.808s_02.900-09.764kHz_1024wl_70ovlp_Basileuterus culicivorus.wav","Basileuterus culicivorus",0,0.36425,24000,2.9,9.764,1024,70
"./010_soundscapes//W54448S25623_20191102_064000.wav","W54448S25623_20191102_064000.wav",59.9945416666667,24000,16,"mono","./040_roi_cuts//Bcu_2_014.393-014.794s_02.975-09.554kHz_1024wl_70ovlp_Basileuterus culicivorus.wav","Bcu_2_014.393-014.794s_02.975-09.554kHz_1024wl_70ovlp_Basileuterus culicivorus.wav","Bcu_2_014.393-014.794s_02.975-09.554kHz_1024wl_70ovlp_Basileuterus culicivorus.wav","Basileuterus culicivorus",0,0.400958333333333,24000,2.975,9.554,1024,70
"./010_soundscapes//W54448S25623_20191102_064000.wav","W54448S25623_20191102_064000.wav",59.9945416666667,24000,16,"mono","./040_roi_cuts//Bcu_2_024.071-024.462s_02.878-09.636kHz_1024wl_70ovlp_Basileuterus culicivorus.wav","Bcu_2_024.071-024.462s_02.878-09.636kHz_1024wl_70ovlp_Basileuterus culicivorus.wav","Bcu_2_024.071-024.462s_02.878-09.636kHz_1024wl_70ovlp_Basileuterus culicivorus.wav","Basileuterus culicivorus",0,0.3905,24000,2.878,9.636,1024,70
